{"poses":[{"translation":[-1.1713544130325318,-1.215283751487732,-1.0214853286743165]},{"translation":[-1.1713544130325318,-1.215283751487732,-1.0214853286743165]}]}