{
    "rotation": {
        "row0": {
            "x": -0.26132217049598696,
            "y": 0.2058131843805313,
            "z": 0.9430544376373291
        },
        "row1": {
            "x": 0.965251624584198,
            "y": 0.05571972206234932,
            "z": 0.2553127110004425
        },
        "row2": {
            "x": -1.1578194403227826e-8,
            "y": 0.977003812789917,
            "z": -0.21322228014469148
        }
    },
    "translation": {
        "x": -0.16942360997200013,
        "y": 0.03980877995491028,
        "z": 1.2882955074310303
    }
}