{
    "rotation": {
        "row0": {
            "x": 9.106945037841797,
            "y": 1.6552565097808838,
            "z": -3.784663438796997
        },
        "row1": {
            "x": 4.091188430786133,
            "y": -4.8801164627075199,
            "z": 7.710165977478027
        },
        "row2": {
            "x": 0.5707293748855591,
            "y": 8.569982528686524,
            "z": 5.1214919090271
        }
    },
    "translation": {
        "x": 15.065403282642365,
        "y": -38.79293203353882,
        "z": -276.9005537033081
    }
}
